name,phone,DOB,email,SSN,job,company
Stanley Lind,5819626239,2013-07-16,denhj@q.ila,241-63-2894,Chartered loss adjuster,"Mante, Mante and Mante"
Hale Bins,3212496148,1903-02-25,piuylnbstd@gxqshjlek.zfk,206-93-3199,Sports development officer,"Borer, Borer and Borer"
Mikaela O'Keefe,5245629478,1927-09-01,hcpykwmbli@o.qfn,159-33-2513,Museum/gallery conservator,"Jacobs, Jacobs and Jacobs"
Renaldo Kub,3175312457,1918-12-10,ualhdze@xktdvileb.pla,696-91-1436,Comptroller,Jacobs-Jacobs
Keagan Hackett,1374574537,1992-12-01,wicybnlpkr@pgnmy.myq,803-23-7144,Private music teacher,Quitzon LLC
Kiana Cronin m.d.,3297585362,2017-01-24,ctrwj@cpmwtrus.jnx,133-84-8085,Fisheries officer,Witting Ltd
Harlow Durgan,9239627469,1918-04-13,qzfgcrkhno@qijz.que,858-94-5148,"Nurse, mental health",Wilkinson PLC
Sheila Donnelly-Blanda,4657648749,2005-07-19,spmzor@kl.uej,737-58-1638,"Therapist, occupational",Barrows PLC
Mr Colin Turcotte,5634176974,1952-01-18,ksagn@csyarmhd.aev,946-84-5702,Maintenance engineer,Kub-Kub
Lesta Krajcik,6244527243,1921-04-20,b@wmjisa.jec,432-99-2126,Nutritional therapist,White-White
